SKU,Assigned_Slot,rack,bay,level,priority_score,total_demand,volatility,order_frequency,distance_to_dispatch,x_coord,y_coord
ACL000213A0010,R16-B24-L02,16,24,2,0.7718322583288617,57220,620.4304186661653,104,4.5,39.0,27.0
FBC010-1,R16-B24-L05,16,24,5,0.6211267225160519,45679,738.813294475924,73,4.5,39.0,27.0
M2N4G7361,R16-B24-L03,16,24,3,0.4188483165616276,2824,19.307116210128157,197,4.5,39.0,27.0
M2N4G7362,R15-B24-L01,15,24,1,0.4154281902300646,2896,21.783774899024912,203,5.5,35.0,27.0
FBC025-1-E,R15-B24-L07,15,24,7,0.37475838445271675,20000,0.0,1,5.5,35.0,27.0
M2N3G4015,R15-B24-L04,15,24,4,0.36977917443425823,828,3.981601041433817,144,5.5,35.0,27.0
M2N3G1295,R16-B24-L01,16,24,1,0.3681706686760704,2256,19.070863452327938,171,4.5,39.0,27.0
M2N3G1053,R16-B24-L04,16,24,4,0.36217576271826873,1932,12.881979445181337,146,4.5,39.0,27.0
M2N3G1050,R15-B24-L06,15,24,6,0.3563584378882369,3756,43.35487315375297,191,5.5,35.0,27.0
M2N3G7362,R16-B24-L06,16,24,6,0.3395453820136628,1208,8.585689330076208,134,4.5,39.0,27.0
M2N3G7361,R16-B24-L07,16,24,7,0.32164335379764675,1120,8.77292127368436,123,4.5,39.0,27.0
M2N3G1270,R14-B24-L07,14,24,7,0.3125958191733418,912,5.637258531478577,102,6.5,34.0,27.0
FBX010-1,R14-B24-L03,14,24,3,0.31179656466039796,14000,347.6431318556959,30,6.5,34.0,27.0
M2N3G7713,R15-B24-L02,15,24,2,0.3030774368725725,364,1.258036496512826,82,5.5,35.0,27.0
M2N4G9024,R17-B24-L02,17,24,2,0.3015863569691035,1052,9.457688747673844,112,5.5,40.0,27.0
M2N4G9023,R17-B24-L06,17,24,6,0.3014975135537228,1076,9.932546917997302,114,5.5,40.0,27.0
M2N3G1334,R17-B24-L01,17,24,1,0.292584531517255,822,6.292318164411899,93,5.5,40.0,27.0
M2N3G1281,R14-B24-L04,14,24,4,0.290354012474783,792,5.477475328845597,86,6.5,34.0,27.0
M2N4G7319,R17-B23-L03,17,23,3,0.285819001144121,1344,15.359107692215431,114,6.5,40.0,26.0
M2N3G1276,R17-B24-L03,17,24,3,0.28396418673997564,522,3.4383356291575407,80,5.5,40.0,27.0
M2N3G1165,R17-B24-L07,17,24,7,0.2837750156361063,1626,18.96321006879974,110,5.5,40.0,27.0
M2N4G7320,R14-B24-L01,14,24,1,0.2832866877439826,1352,15.664681272922197,112,6.5,34.0,27.0
M2N3G7083,R17-B24-L04,17,24,4,0.2831896864691066,296,1.142982559279233,68,5.5,40.0,27.0
M2N4G9025,R17-B24-L05,17,24,5,0.28306921434051946,282,1.9439697819350734,83,5.5,40.0,27.0
M2N3G7084,R16-B23-L04,16,23,4,0.28216165287957007,348,1.9141129046567285,74,5.5,39.0,26.0
M2N4G9026,R16-B23-L05,16,23,5,0.2788274450654769,294,2.193994156401927,82,5.5,39.0,26.0
M2N3G7761,R16-B23-L01,16,23,1,0.2787069799454326,528,4.295055797417071,84,5.5,39.0,26.0
FBC025-1,R14-B24-L05,14,24,5,0.27536220456728744,9120,198.82184180110497,34,6.5,34.0,27.0
M2N3G9026,R16-B23-L07,16,23,7,0.27461268090797386,664,7.016855014572601,97,5.5,39.0,26.0
M2N3G1271,R16-B23-L03,16,23,3,0.27261061321316027,978,11.363917188249223,101,5.5,39.0,26.0
M2N4G9021,R16-B23-L02,16,23,2,0.27070254840480357,676,7.2563911633967555,93,5.5,39.0,26.0
M2N4G9022,R16-B23-L06,16,23,6,0.2680771945578033,680,7.499386819973035,92,5.5,39.0,26.0
M2N3G9023,R15-B24-L03,15,24,3,0.2655471144808297,1025,12.354154887643046,94,5.5,35.0,27.0
M2N3G7322,R14-B24-L02,14,24,2,0.2650004236000327,420,3.504064900219415,71,6.5,34.0,27.0
M2N3G7321,R17-B23-L04,17,23,4,0.264919979907503,436,3.5800227858210523,70,6.5,40.0,26.0
M2N3G2523,R17-B23-L02,17,23,2,0.26382585191376484,942,11.81701782906315,98,6.5,40.0,26.0
M2N3G4011,R17-B23-L07,17,23,7,0.26355928287231045,556,5.872081402205084,83,6.5,40.0,26.0
M2N3G1267,R17-B23-L05,17,23,5,0.2630905411763715,474,3.463436401187283,63,6.5,40.0,26.0
M2N3G2133,R14-B23-L05,14,23,5,0.2584620988116545,702,7.580445758313745,76,7.5,34.0,26.0
M2N3G7760,R15-B24-L05,15,24,5,0.2581969185580888,560,6.227745187993988,80,5.5,35.0,27.0
M2N4G7740,R15-B23-L07,15,23,7,0.25655932231378326,588,6.9888034379266895,84,6.5,35.0,26.0
M2N3G7340,R15-B23-L02,15,23,2,0.2560978675003108,252,1.6743258354833457,55,6.5,35.0,26.0
M2N4G9030,R17-B21-L05,17,21,5,0.2559062953551944,296,2.221818878499466,58,8.5,40.0,24.0
M2N3G9025,R15-B23-L04,15,23,4,0.25445775330353265,584,7.255207102196273,86,6.5,35.0,26.0
M2N3G7499,R17-B23-L01,17,23,1,0.254269356063635,240,1.5763123175615836,53,6.5,40.0,26.0
M2N3G7714,R15-B23-L03,15,23,3,0.2536445028411307,244,1.644800930689339,53,6.5,35.0,26.0
M2N3G7498,R17-B23-L06,17,23,6,0.2533422216218348,232,1.5141365035665977,52,6.5,40.0,26.0
M2N3G7709,R15-B23-L06,15,23,6,0.2526330230213991,228,1.4020393310154626,50,6.5,35.0,26.0
M2N4G8341,R16-B22-L05,16,22,5,0.2524288542008024,153,1.2943816009251519,60,6.5,39.0,25.0
M2N3G7710,R16-B22-L02,16,22,2,0.2515288765699687,212,1.2348371127543345,48,6.5,39.0,25.0
M2N3G7483,R18-B24-L02,18,24,2,0.2502058299032944,252,1.9305804266449398,53,9.5,44.0,27.0
M2N4G7916,R16-B22-L03,16,22,3,0.25017417525829794,144,0.9941002434954168,51,6.5,39.0,25.0
M2N3G8648,R16-B22-L01,16,22,1,0.24928998819438697,180,0.8523305292657855,43,6.5,39.0,25.0
FBC010-1-E,R15-B23-L01,15,23,1,0.24892605603033957,5600,0.0,1,6.5,35.0,26.0
M2N4G7741,R16-B22-L07,16,22,7,0.24813735720138919,536,6.825049799904626,79,6.5,39.0,25.0
M2N3G9030,R16-B22-L04,16,22,4,0.2479432160199919,384,4.25541398318068,67,6.5,39.0,25.0
M2N4G7483,R18-B24-L03,18,24,3,0.2474794250077763,172,1.5238365798463829,56,9.5,44.0,27.0
M2N4G7709,R16-B22-L06,16,22,6,0.2456327327380035,150,1.223303146499384,51,6.5,39.0,25.0
M2N3G9202,R14-B23-L01,14,23,1,0.24466302825198627,188,1.175610394928716,43,7.5,34.0,26.0
M2N4G8340,R14-B23-L07,14,23,7,0.24420739558245558,143,1.374040397145227,56,7.5,34.0,26.0
M2N4G7484,R14-B23-L03,14,23,3,0.24411261572093423,160,1.4476847037429725,53,7.5,34.0,26.0
M2N3G8647,R13-B24-L01,13,24,1,0.24325819128925683,176,1.0546066195274995,41,10.5,30.0,27.0
M2N3G7916,R14-B23-L06,14,23,6,0.24238152210222785,320,3.65833227428635,62,7.5,34.0,26.0
M2N3G7341,R14-B23-L04,14,23,4,0.24174776554406208,248,2.4477115285794575,53,7.5,34.0,26.0
M2N3G7493,R14-B23-L02,14,23,2,0.24127645640278328,180,1.2016249161133397,41,7.5,34.0,26.0
M2N3G7492,R17-B22-L03,17,22,3,0.24026219824284228,192,1.4166752066422927,42,7.5,40.0,25.0
M2N3G7135,R15-B22-L03,15,22,3,0.23992027946640493,144,0.6761234037828132,35,7.5,35.0,25.0
M2N3G9054,R15-B22-L01,15,22,1,0.23900454351388226,256,2.8531140426312693,56,7.5,35.0,25.0
M2N3G7484,R19-B24-L01,19,24,1,0.23888385974474602,236,2.3064535311071115,49,10.5,45.0,27.0
M2N3R7221,R15-B22-L02,15,22,2,0.23880699255785026,492,3.843075691322092,39,7.5,35.0,25.0
M2N3SG059,R17-B22-L02,17,22,2,0.23856871080021316,768,10.838173092170798,71,7.5,40.0,25.0
M2N4R0430,R15-B22-L04,15,22,4,0.23828895219055174,408,5.356195345984962,67,7.5,35.0,25.0
M2N3G7136,R17-B22-L01,17,22,1,0.23823734353003811,140,0.6859943405700353,34,7.5,40.0,25.0
M2N4R0626,R15-B22-L06,15,22,6,0.23802876355375274,104,0.0,26,7.5,35.0,25.0
M2N3G3001,R15-B22-L07,15,22,7,0.23687203112868943,2328,41.10948397848876,84,7.5,35.0,25.0
M2N4G9088,R17-B22-L04,17,22,4,0.23657701108313847,276,2.847171048378268,48,7.5,40.0,25.0
M2N4G7710,R17-B22-L05,17,22,5,0.23628871846525695,142,1.4285587638749662,48,7.5,40.0,25.0
M2N4G7915,R17-B22-L07,17,22,7,0.2362867225773208,116,0.9830148699846394,42,7.5,40.0,25.0
M2N3G7915,R15-B22-L05,15,22,5,0.23605697467842054,308,3.7845804261258444,58,7.5,35.0,25.0
M2N4G7493,R17-B22-L06,17,22,6,0.2359613077938169,220,2.01434501141877,43,7.5,40.0,25.0
FCL0002130001,R18-B24-L01,18,24,1,0.23577582298541488,8010,323.723397277157,23,9.5,44.0,27.0
M2N3G7494,R18-B24-L07,18,24,7,0.2357504285688277,148,0.9420164319072112,35,9.5,44.0,27.0
M2N3G9201,R13-B24-L06,13,24,6,0.23563751211768025,196,1.7484022904085006,42,10.5,30.0,27.0
ACL00213A0010-R,R18-B24-L04,18,24,4,0.2355660762188721,7100,208.17793178445035,40,9.5,44.0,27.0
M2N4G7389,R18-B24-L05,18,24,5,0.23520654514504852,180,1.462071072780783,39,9.5,44.0,27.0
M2N4G7490,R18-B24-L06,18,24,6,0.23498855967492624,96,0.0,24,9.5,44.0,27.0
M2N3G9047,R19-B24-L03,19,24,3,0.233468457735513,92,0.0,23,10.5,45.0,27.0
M2N3G7705,R14-B22-L04,14,22,4,0.233468457735513,92,0.0,23,8.5,34.0,25.0
M2N3G7495,R13-B24-L03,13,24,3,0.23314502009151944,128,0.7184212081070996,31,10.5,30.0,27.0
M2N4G7491,R16-B21-L05,16,21,5,0.23194835579609974,88,0.0,22,7.5,39.0,24.0
M2N4G7390,R14-B20-L04,14,20,4,0.23100522247422453,156,1.2912114043627025,35,10.5,34.0,23.0
M2N4G9089,R19-B24-L07,19,24,7,0.22857686689483375,296,3.802187877138796,49,10.5,45.0,27.0
M2N4G7492,R13-B24-L07,13,24,7,0.22842371865878378,204,2.2164883290512747,40,10.5,30.0,27.0
M2N4G7735,R16-B21-L06,16,21,6,0.228319581968367,184,2.0386509168996074,41,7.5,39.0,24.0
M2N3G9048,R13-B24-L05,13,24,5,0.22738804997785997,76,0.0,19,10.5,30.0,27.0
M2N3G7520,R16-B21-L07,16,21,7,0.2258679480384467,72,0.0,18,7.5,39.0,24.0
M2N3SG002,R13-B24-L02,13,24,2,0.22556850073070506,795,13.559927299643917,78,10.5,30.0,27.0
M2N4G9009,R16-B21-L02,16,21,2,0.22530091935959043,124,1.031522859110255,29,7.5,39.0,24.0
M2N4G8356,R14-B22-L05,14,22,5,0.22522845859725432,82,0.8208512602438093,34,8.5,34.0,25.0
M2N3R7222,R14-B22-L06,14,22,6,0.22394625374559687,192,0.0,16,8.5,34.0,25.0
M2N4G9010,R16-B21-L04,16,21,4,0.2235262736292508,120,1.0490610566259242,28,7.5,39.0,24.0
M2N3G7519,R14-B22-L03,14,22,3,0.2228277441596202,64,0.0,16,8.5,34.0,25.0
M2N3G8356,R16-B21-L01,16,21,1,0.22270659424117814,104,0.8,25,7.5,39.0,24.0
M2N3G7012,R14-B22-L02,14,22,2,0.22270659424117814,104,0.8,25,8.5,34.0,25.0
M2N3G7390,R19-B24-L02,19,24,2,0.22192537961237838,220,3.112077144704059,46,10.5,45.0,27.0
M2N3G9035,R19-B24-L04,19,24,4,0.22130764222020693,60,0.0,15,10.5,45.0,27.0
M2N4G8355,R14-B22-L07,14,22,7,0.22109421975458055,82,0.9136068187983486,32,8.5,34.0,25.0
M2N3R0413,R14-B22-L01,14,22,1,0.22092266016192713,548,9.393138767239687,70,8.5,34.0,25.0
M2N3R0415,R13-B24-L04,13,24,4,0.2200363230745757,536,9.32041359308512,72,10.5,30.0,27.0
M2N3R0417,R16-B21-L03,16,21,3,0.21978754028079367,56,0.0,14,7.5,39.0,24.0
M2N3G1277,R15-B21-L04,15,21,4,0.21943910701073924,180,1.9215378456610457,27,8.5,35.0,24.0
M2N3G1279,R19-B24-L05,19,24,5,0.21943910701073924,180,1.9215378456610455,27,10.5,45.0,27.0
M2N3G7706,R17-B21-L01,17,21,1,0.2191254067118097,96,0.8340576562282994,23,8.5,40.0,24.0
M2N3R7025,R19-B23-L03,19,23,3,0.21891490061617314,1524,29.109467722909518,64,11.5,45.0,26.0
M2N4R0428,R15-B21-L05,15,21,5,0.2182674383413804,52,0.0,13,8.5,35.0,24.0
M2N3G7716,R12-B24-L02,12,24,2,0.2182674383413804,52,0.0,13,11.5,29.0,27.0
M2N3G7389,R18-B23-L04,18,23,4,0.2182322390198405,212,3.1789476631808724,44,10.5,44.0,26.0
M2N3G9009,R17-B21-L04,17,21,4,0.21795951100956223,340,5.819603806234446,65,8.5,40.0,24.0
M2N3SG054,R15-B21-L01,15,21,1,0.21775608906284305,520,8.835289336650932,56,8.5,35.0,24.0
M2N4R0625,R18-B23-L07,18,23,7,0.21730995364775044,92,0.8528028654224417,22,10.5,44.0,26.0
M2N3G1389,R17-B21-L06,17,21,6,0.21695705694933778,72,0.0,12,8.5,40.0,24.0
M2N3G9010,R18-B23-L06,18,23,6,0.21694252289887145,328,5.69472008353675,66,10.5,44.0,26.0
M2N3G7490,R19-B23-L01,19,23,1,0.21674733640196717,48,0.0,12,11.5,45.0,26.0
M2N4R0427,R17-B21-L07,17,21,7,0.21674733640196717,48,0.0,12,8.5,40.0,24.0
M2N3SG061,R18-B23-L05,18,23,5,0.21616656811523727,416,6.9647509002146535,50,10.5,44.0,26.0
M2N4G7495,R17-B21-L03,17,21,3,0.21429338179482654,176,2.715531431056971,38,8.5,40.0,24.0
M2N4R0429,R12-B24-L01,12,24,1,0.21400544168254185,332,5.7957955270390435,55,11.5,29.0,27.0
M2N3G7715,R18-B23-L01,18,23,1,0.21370713252314064,40,0.0,10,10.5,44.0,26.0
M2N3G7707,R15-B21-L02,15,21,2,0.21370713252314064,40,0.0,10,8.5,35.0,24.0
M2N3G9024,R12-B24-L06,12,24,6,0.2130335949571258,540,9.854486402428037,57,11.5,29.0,27.0
FBX025-1,R15-B21-L07,15,21,7,0.2130141416611095,3600,121.42099828089626,18,8.5,35.0,24.0
M2N4G7494,R16-B19-L03,16,19,3,0.2128896636013073,216,3.5652210862340956,42,9.5,39.0,22.0
M2N3G9031,R18-B22-L03,18,22,3,0.2122187132120703,120,1.6946370914726463,27,11.5,44.0,25.0
M2N3G7777,R14-B20-L07,14,20,7,0.2122083764827813,132,1.9023794624226837,28,10.5,34.0,23.0
M2N3R7105,R15-B21-L06,15,21,6,0.2121870305837274,36,0.0,9,8.5,35.0,24.0
M2N3R7106,R18-B23-L02,18,23,2,0.2121870305837274,36,0.0,9,10.5,44.0,26.0
M2N3R2738,R12-B24-L07,12,24,7,0.2104139308658276,900,17.477162462180996,46,11.5,29.0,27.0
M2N3G7011,R15-B21-L03,15,21,3,0.20983613100986817,76,0.9428090415820634,18,8.5,35.0,24.0
M2N3G2518,R17-B21-L02,17,21,2,0.20965327452562169,262,4.536141154833762,37,8.5,40.0,24.0
M2N3G1450,R18-B23-L03,18,23,3,0.20926916369086707,42,0.0,7,10.5,44.0,26.0
M2N3G1322,R13-B23-L07,13,23,7,0.20922935123523725,132,1.8467610337532774,20,11.5,30.0,26.0
M2N3R3102,R19-B23-L04,19,23,4,0.20922473356777005,948,18.973334482469014,54,11.5,45.0,26.0
M2N4G7144,R14-B21-L02,14,21,2,0.20914682670490087,28,0.0,7,9.5,34.0,24.0
M2N3R0616,R14-B19-L05,14,19,5,0.20914682670490087,28,0.0,7,11.5,34.0,22.0
M2N3G7345,R13-B23-L06,13,23,6,0.20914682670490087,28,0.0,7,11.5,30.0,26.0
M2N3G7359,R16-B20-L03,16,20,3,0.20914682670490087,28,0.0,7,8.5,39.0,23.0
M2N3R0602,R12-B24-L05,12,24,5,0.20914682670490087,28,0.0,7,11.5,29.0,27.0
FBC050-1-E,R14-B21-L06,14,21,6,0.20872961778430243,1000,0.0,1,9.5,34.0,24.0
M2N4G7734,R13-B23-L03,13,23,3,0.20819607943687043,228,4.096277234207565,40,11.5,30.0,26.0
M2N3R2793,R16-B20-L07,16,20,7,0.2080461658602289,72,0.0,6,8.5,39.0,23.0
M16280091,R19-B23-L06,19,23,6,0.20794130558654356,60,0.0,6,11.5,45.0,26.0
M2N3G7491,R13-B23-L05,13,23,5,0.20790125557231856,72,0.9701425001453319,17,11.5,30.0,26.0
M2N3SG020,R19-B23-L02,19,23,2,0.20777188058102125,456,8.76851628430114,52,11.5,45.0,26.0
M2N4G7706,R16-B20-L05,16,20,5,0.20762672476548763,24,0.0,6,8.5,39.0,23.0
M2N3R0601,R13-B23-L02,13,23,2,0.20762672476548763,24,0.0,6,11.5,30.0,26.0
M2N3R0427,R16-B20-L06,16,20,6,0.20762672476548763,24,0.0,6,8.5,39.0,23.0
M2N4G7705,R16-B20-L02,16,20,2,0.20762672476548763,24,0.0,6,8.5,39.0,23.0
M2N3G7360,R14-B21-L01,14,21,1,0.20762672476548763,24,0.0,6,9.5,34.0,24.0
M2N4G9032,R14-B21-L03,14,21,3,0.207380683848124,78,1.281025230440697,27,9.5,34.0,24.0
M2N3R7026,R19-B24-L06,19,24,6,0.20691173649791478,1092,22.827132235602765,60,10.5,45.0,27.0
M2N3G7734,R15-B20-L01,15,20,1,0.20648865632324653,72,1.1795356492391769,24,9.5,35.0,23.0
M2N3G8355,R16-B20-L01,16,20,1,0.2064130092923885,108,1.7937088125857625,24,8.5,39.0,23.0
M2N3G7206,R19-B23-L05,19,23,5,0.2062485455590683,100,1.6094956323259129,21,11.5,45.0,26.0
M2N3G1374,R14-B21-L07,14,21,7,0.20622979977574288,102,1.5,16,9.5,34.0,24.0
M16280301,R16-B20-L04,16,20,4,0.20619400638747878,30,0.0,5,8.5,39.0,23.0
M2N3G8152,R12-B24-L03,12,24,3,0.20610662282607436,20,0.0,5,11.5,29.0,27.0
M2N4G7708,R17-B20-L06,17,20,6,0.20610662282607436,20,0.0,5,9.5,40.0,23.0
M2N3R0406,R17-B20-L07,17,20,7,0.20610662282607436,20,0.0,5,9.5,40.0,23.0
M2N3G7739,R14-B24-L06,14,24,6,0.20610662282607436,20,0.0,5,6.5,34.0,27.0
M2N4G7143,R18-B22-L05,18,22,5,0.20610662282607436,20,0.0,5,11.5,44.0,25.0
M2N3R0403,R14-B21-L04,14,21,4,0.20610662282607436,20,0.0,5,9.5,34.0,24.0
M2N3R0428,R12-B23-L06,12,23,6,0.20610662282607436,20,0.0,5,12.5,29.0,26.0
M2N3G9036,R18-B22-L01,18,22,1,0.2059326956669678,68,1.0,16,11.5,44.0,25.0
M2N3G9032,R15-B20-L05,15,20,5,0.2059325960439676,100,1.668115312456598,23,9.5,35.0,23.0
M2N3R0401,R17-B20-L02,17,20,2,0.20486614828315527,48,0.0,4,9.5,40.0,23.0
M2N3SG046,R17-B20-L01,17,20,1,0.2047263345849082,32,0.0,4,9.5,40.0,23.0
M2N4R0418,R17-B20-L05,17,20,5,0.20465642773578466,24,0.0,4,9.5,40.0,23.0
M16280331,R13-B23-L01,13,23,1,0.20465642773578466,24,0.0,4,11.5,30.0,26.0
M2N3G1453,R13-B23-L04,13,23,4,0.20465642773578466,24,0.0,4,11.5,30.0,26.0
M16280338,R18-B22-L02,18,22,2,0.20465642773578466,24,0.0,4,11.5,44.0,25.0
M16280334,R18-B22-L06,18,22,6,0.20465642773578466,24,0.0,4,11.5,44.0,25.0
M2N3G7279,R18-B22-L07,18,22,7,0.2045865208866611,16,0.0,4,11.5,44.0,25.0
M2N3G7320,R12-B23-L03,12,23,3,0.2045865208866611,16,0.0,4,12.5,29.0,26.0
M2N4G7087,R18-B22-L04,18,22,4,0.2045865208866611,16,0.0,4,11.5,44.0,25.0
M2N3G7935,R17-B20-L03,17,20,3,0.2045865208866611,16,0.0,4,9.5,40.0,23.0
M16280369,R17-B20-L04,17,20,4,0.2045865208866611,16,0.0,4,9.5,40.0,23.0
M2N3G7284,R15-B20-L04,15,20,4,0.2045865208866611,16,0.0,4,9.5,35.0,23.0
M2N3G7285,R15-B20-L02,15,20,2,0.2045865208866611,16,0.0,4,9.5,35.0,23.0
M2N4G9031,R15-B20-L06,15,20,6,0.2043898795380045,68,1.186218624245096,23,9.5,35.0,23.0
M2N3G7735,R19-B22-L03,19,22,3,0.20417414534905687,74,1.2926699776028183,22,12.5,45.0,25.0
M2N3R0418,R19-B22-L02,19,22,2,0.20392566653378885,64,1.0327955589886444,15,12.5,45.0,25.0
M2N3R2767,R19-B22-L06,19,22,6,0.20327613949461848,36,0.0,3,12.5,45.0,25.0
M2N3R2772,R12-B23-L07,12,23,7,0.20327613949461848,36,0.0,3,12.5,29.0,26.0
M2N3SG004,R12-B23-L02,12,23,2,0.20317127922093317,24,0.0,3,12.5,29.0,26.0
M16280182,R12-B23-L01,12,23,1,0.2031188490840905,18,0.0,3,12.5,29.0,26.0
M2N3R0405,R14-B19-L04,14,19,4,0.2031188490840905,18,0.0,3,11.5,34.0,22.0
M16280096,R15-B20-L07,15,20,7,0.2031188490840905,18,0.0,3,9.5,35.0,23.0
M16280137,R19-B23-L07,19,23,7,0.2031188490840905,18,0.0,3,11.5,45.0,26.0
M16280195,R14-B20-L06,14,20,6,0.2031188490840905,18,0.0,3,10.5,34.0,23.0
M16280263,R19-B22-L04,19,22,4,0.2031188490840905,18,0.0,3,12.5,45.0,25.0
M16280211,R15-B17-L02,15,17,2,0.2031188490840905,18,0.0,3,12.5,35.0,20.0
M2N3R0408,R15-B18-L05,15,18,5,0.2031188490840905,18,0.0,3,11.5,35.0,21.0
M2N3R0419,R16-B19-L07,16,19,7,0.2031188490840905,18,0.0,3,9.5,39.0,22.0
M2N3G7319,R17-B17-L07,17,17,7,0.20306641894724786,12,0.0,3,12.5,40.0,20.0
M2N4G7388,R18-B21-L07,18,21,7,0.20306641894724786,12,0.0,3,12.5,44.0,24.0
M16280375,R14-B20-L03,14,20,3,0.20306641894724786,12,0.0,3,10.5,34.0,23.0
M16280333,R12-B24-L04,12,24,4,0.20306641894724786,12,0.0,3,11.5,29.0,27.0
M2N3G8153,R13-B22-L05,13,22,5,0.20306641894724786,12,0.0,3,12.5,30.0,25.0
M16280355,R16-B19-L02,16,19,2,0.20306641894724786,12,0.0,3,9.5,39.0,22.0
M2N4G7387,R16-B19-L06,16,19,6,0.20306641894724786,12,0.0,3,9.5,39.0,22.0
M2N4G7707,R13-B22-L02,13,22,2,0.20306641894724786,12,0.0,3,12.5,30.0,25.0
M2N3R0610,R13-B22-L04,13,22,4,0.20306641894724786,12,0.0,3,12.5,30.0,25.0
M2N3G7936,R14-B20-L05,14,20,5,0.20306641894724786,12,0.0,3,10.5,34.0,23.0
M2N316264,R18-B21-L04,18,21,4,0.20306641894724786,12,0.0,3,12.5,44.0,24.0
M16280357,R14-B20-L02,14,20,2,0.20306641894724786,12,0.0,3,10.5,34.0,23.0
M16280392,R13-B22-L06,13,22,6,0.2030139888104052,6,0.0,3,12.5,30.0,25.0
M2N4G8815,R13-B21-L05,13,21,5,0.2030139888104052,6,0.0,3,13.5,30.0,24.0
M2N3SG015,R16-B19-L05,16,19,5,0.20282955334981256,304,6.08942370681176,38,9.5,39.0,22.0
M2N3G8239,R13-B22-L07,13,22,7,0.20264089330672458,52,0.9403246919632544,20,12.5,30.0,25.0
M2N3G1401,R19-B22-L07,19,22,7,0.20198360684388053,228,0.0,1,12.5,45.0,25.0
M2N3G7738,R14-B20-L01,14,20,1,0.20187438479805708,60,1.0690449676496976,14,10.5,34.0,23.0
M16280434,R12-B23-L04,12,23,4,0.20168613070608168,24,0.0,2,12.5,29.0,26.0
M16280515,R19-B22-L01,19,22,1,0.2016511772815199,20,0.0,2,12.5,45.0,25.0
M16280516,R19-B22-L05,19,22,5,0.2016511772815199,20,0.0,2,12.5,45.0,25.0
M2N3G9610,R10-B24-L05,10,24,5,0.20161622385695813,16,0.0,2,16.5,24.0,27.0
M2N3G9609,R12-B22-L02,12,22,2,0.20161622385695813,16,0.0,2,13.5,29.0,25.0
M2N3R0407,R19-B21-L04,19,21,4,0.20158127043239638,12,0.0,2,13.5,45.0,24.0
M16280461,R12-B22-L07,12,22,7,0.20158127043239638,12,0.0,2,13.5,29.0,25.0
M16280200,R20-B24-L02,20,24,2,0.20158127043239638,12,0.0,2,14.5,49.0,27.0
M16280246,R20-B24-L07,20,24,7,0.20158127043239638,12,0.0,2,14.5,49.0,27.0
M16280460,R12-B22-L06,12,22,6,0.20158127043239638,12,0.0,2,13.5,29.0,25.0
M2N3R0404,R19-B21-L07,19,21,7,0.20158127043239638,12,0.0,2,13.5,45.0,24.0
M16280540,R12-B22-L03,12,22,3,0.20158127043239638,12,0.0,2,13.5,29.0,25.0
M16280223,R15-B19-L06,15,19,6,0.20158127043239638,12,0.0,2,10.5,35.0,22.0
M16280251,R16-B19-L04,16,19,4,0.20158127043239638,12,0.0,2,9.5,39.0,22.0
M16280136,R15-B19-L07,15,19,7,0.20158127043239638,12,0.0,2,10.5,35.0,22.0
M16280324,R20-B24-L06,20,24,6,0.20158127043239638,12,0.0,2,14.5,49.0,27.0
M2N3G1472,R15-B19-L01,15,19,1,0.20158127043239638,12,0.0,2,10.5,35.0,22.0
M16280249,R15-B23-L05,15,23,5,0.20158127043239638,12,0.0,2,6.5,35.0,26.0
M2N3R0420,R12-B23-L05,12,23,5,0.20158127043239638,12,0.0,2,12.5,29.0,26.0
M16280220,R15-B19-L03,15,19,3,0.20158127043239638,12,0.0,2,10.5,35.0,22.0
M16280184,R12-B22-L01,12,22,1,0.20158127043239638,12,0.0,2,13.5,29.0,25.0
M2N4G9710,R17-B19-L02,17,19,2,0.2015463170078346,8,0.0,2,10.5,40.0,22.0
M16280302,R21-B24-L05,21,24,5,0.2015463170078346,8,0.0,2,15.5,50.0,27.0
M16280444,R21-B24-L02,21,24,2,0.2015463170078346,8,0.0,2,15.5,50.0,27.0
M2N4G9711,R11-B24-L07,11,24,7,0.2015463170078346,8,0.0,2,15.5,25.0,27.0
M2N3R0609,R18-B21-L05,18,21,5,0.2015463170078346,8,0.0,2,12.5,44.0,24.0
M2N5R0436,R15-B19-L04,15,19,4,0.2015463170078346,8,0.0,2,10.5,35.0,22.0
M16280430,R11-B24-L06,11,24,6,0.2015463170078346,8,0.0,2,15.5,25.0,27.0
M2N3G7388,R17-B19-L05,17,19,5,0.2015463170078346,8,0.0,2,10.5,40.0,22.0
M2N3G7387,R17-B19-L03,17,19,3,0.2015463170078346,8,0.0,2,10.5,40.0,22.0
M2N3G7087,R17-B19-L04,17,19,4,0.2015463170078346,8,0.0,2,10.5,40.0,22.0
M2N3G7088,R19-B21-L06,19,21,6,0.2015463170078346,8,0.0,2,13.5,45.0,24.0
M2N5R0625,R19-B21-L05,19,21,5,0.2015463170078346,8,0.0,2,13.5,45.0,24.0
M16280286,R15-B19-L02,15,19,2,0.2015463170078346,8,0.0,2,10.5,35.0,22.0
M16280405,R18-B21-L02,18,21,2,0.2015463170078346,8,0.0,2,12.5,44.0,24.0
M16280422,R13-B22-L03,13,22,3,0.2015463170078346,8,0.0,2,12.5,30.0,25.0
M16280310,R18-B20-L06,18,20,6,0.2015463170078346,8,0.0,2,13.5,44.0,23.0
M2N3G7280,R17-B19-L07,17,19,7,0.2015463170078346,8,0.0,2,10.5,40.0,22.0
M16280202,R17-B19-L06,17,19,6,0.2015463170078346,8,0.0,2,10.5,40.0,22.0
M16280376,R17-B19-L01,17,19,1,0.20151136358327282,4,0.0,2,10.5,40.0,22.0
M2N3G8238,R15-B19-L05,15,19,5,0.2013727918198832,48,0.9048278567177283,19,10.5,35.0,22.0
M2N4G9063,R18-B21-L01,18,21,1,0.20076023698421855,88,0.0,1,12.5,44.0,24.0
M2N4G9062,R19-B20-L04,19,20,4,0.20076023698421855,88,0.0,1,14.5,45.0,23.0
M2N3G9053,R18-B21-L06,18,21,6,0.20036542411905423,204,4.205521507473928,42,12.5,44.0,24.0
M2N3R7129,R11-B24-L01,11,24,1,0.2002009821912302,24,0.0,1,15.5,25.0,27.0
M16280114,R11-B24-L05,11,24,5,0.2002009821912302,24,0.0,1,15.5,25.0,27.0
M2N3T5184,R13-B22-L01,13,22,1,0.2002009821912302,24,0.0,1,12.5,30.0,25.0
M16280736,R20-B24-L04,20,24,4,0.2002009821912302,24,0.0,1,14.5,49.0,27.0
M16280616,R21-B24-L04,21,24,4,0.20016602876666842,20,0.0,1,15.5,50.0,27.0
M2N3SG040,R18-B21-L03,18,21,3,0.2001580462420738,368,7.786196428293906,42,12.5,44.0,24.0
M2N3T5392,R16-B18-L01,16,18,1,0.2000961219175449,12,0.0,1,10.5,39.0,21.0
M16280396,R12-B22-L05,12,22,5,0.2000961219175449,12,0.0,1,13.5,29.0,25.0
M16280542,R20-B24-L01,20,24,1,0.2000961219175449,12,0.0,1,14.5,49.0,27.0
M16280332,R12-B21-L05,12,21,5,0.2000961219175449,12,0.0,1,14.5,29.0,24.0
M2N3SG145,R21-B24-L06,21,24,6,0.2000961219175449,12,0.0,1,15.5,50.0,27.0
M16280239,R12-B21-L06,12,21,6,0.2000961219175449,12,0.0,1,14.5,29.0,24.0
M16280404,R10-B24-L03,10,24,3,0.2000961219175449,12,0.0,1,16.5,24.0,27.0
M16280344,R20-B24-L03,20,24,3,0.2000961219175449,12,0.0,1,14.5,49.0,27.0
M16280532,R19-B21-L03,19,21,3,0.200078645205264,10,0.0,1,13.5,45.0,24.0
M16280627,R16-B18-L04,16,18,4,0.200078645205264,10,0.0,1,10.5,39.0,21.0
M2N3R7112,R17-B18-L05,17,18,5,0.200078645205264,10,0.0,1,11.5,40.0,21.0
M16280528,R13-B21-L01,13,21,1,0.200078645205264,10,0.0,1,13.5,30.0,24.0
M16280218,R18-B19-L01,18,19,1,0.2000611684929831,8,0.0,1,14.5,44.0,22.0
M16280233,R16-B18-L02,16,18,2,0.2000611684929831,8,0.0,1,10.5,39.0,21.0
M2N4G1473,R16-B18-L05,16,18,5,0.2000611684929831,8,0.0,1,10.5,39.0,21.0
M2N3SG066,R14-B19-L01,14,19,1,0.2000611684929831,8,0.0,1,11.5,34.0,22.0
M2N3SG142,R16-B18-L03,16,18,3,0.2000611684929831,8,0.0,1,10.5,39.0,21.0
M16280262,R16-B18-L06,16,18,6,0.2000611684929831,8,0.0,1,10.5,39.0,21.0
M16280575,R16-B14-L04,16,14,4,0.2000611684929831,8,0.0,1,14.5,39.0,17.0
M2N3SG038,R16-B16-L05,16,16,5,0.2000611684929831,8,0.0,1,12.5,39.0,19.0
M16280295,R18-B19-L06,18,19,6,0.2000611684929831,8,0.0,1,14.5,44.0,22.0
M16280273,R14-B19-L03,14,19,3,0.2000611684929831,8,0.0,1,11.5,34.0,22.0
M16280463,R16-B14-L02,16,14,2,0.2000611684929831,8,0.0,1,14.5,39.0,17.0
M16280718,R12-B21-L01,12,21,1,0.20004369178070222,6,0.0,1,14.5,29.0,24.0
M16280157,R19-B20-L03,19,20,3,0.20004369178070222,6,0.0,1,14.5,45.0,23.0
M16280138,R20-B23-L07,20,23,7,0.20004369178070222,6,0.0,1,15.5,49.0,26.0
M16280458,R20-B23-L05,20,23,5,0.20004369178070222,6,0.0,1,15.5,49.0,26.0
M16280222,R19-B20-L01,19,20,1,0.20004369178070222,6,0.0,1,14.5,45.0,23.0
ACL00213A0030-R,R13-B21-L06,13,21,6,0.20004369178070222,6,0.0,1,13.5,30.0,24.0
M16280335,R13-B21-L07,13,21,7,0.20004369178070222,6,0.0,1,13.5,30.0,24.0
M16280400,R16-B14-L03,16,14,3,0.20004369178070222,6,0.0,1,14.5,39.0,17.0
M16280058,R14-B19-L07,14,19,7,0.20004369178070222,6,0.0,1,11.5,34.0,22.0
M16280122,R14-B19-L02,14,19,2,0.20004369178070222,6,0.0,1,11.5,34.0,22.0
M16280210,R19-B21-L02,19,21,2,0.20004369178070222,6,0.0,1,13.5,45.0,24.0
M16280446,R19-B21-L01,19,21,1,0.20004369178070222,6,0.0,1,13.5,45.0,24.0
M16280189,R13-B21-L03,13,21,3,0.20004369178070222,6,0.0,1,13.5,30.0,24.0
M16280336,R19-B20-L05,19,20,5,0.20004369178070222,6,0.0,1,14.5,45.0,23.0
M16280319,R12-B22-L04,12,22,4,0.20004369178070222,6,0.0,1,13.5,29.0,25.0
M16280250,R20-B23-L01,20,23,1,0.20004369178070222,6,0.0,1,15.5,49.0,26.0
M16280321,R16-B18-L07,16,18,7,0.20004369178070222,6,0.0,1,10.5,39.0,21.0
M16280201,R12-B21-L04,12,21,4,0.20004369178070222,6,0.0,1,14.5,29.0,24.0
M2N3G1127,R13-B21-L04,13,21,4,0.20004369178070222,6,0.0,1,13.5,30.0,24.0
M16280595,R17-B17-L06,17,17,6,0.20004369178070222,6,0.0,1,12.5,40.0,20.0
M16280042,R21-B24-L01,21,24,1,0.20004369178070222,6,0.0,1,15.5,50.0,27.0
M16280325,R21-B23-L03,21,23,3,0.20002621506842133,4,0.0,1,16.5,50.0,26.0
M16280472,R17-B18-L06,17,18,6,0.20002621506842133,4,0.0,1,11.5,40.0,21.0
M2N4G9065,R21-B24-L07,21,24,7,0.20002621506842133,4,0.0,1,15.5,50.0,27.0
M16280264,R21-B23-L02,21,23,2,0.20002621506842133,4,0.0,1,16.5,50.0,26.0
M16280438,R17-B18-L01,17,18,1,0.20002621506842133,4,0.0,1,11.5,40.0,21.0
M2N3G9204,R12-B20-L03,12,20,3,0.20002621506842133,4,0.0,1,15.5,29.0,23.0
M16280304,R14-B17-L02,14,17,2,0.20002621506842133,4,0.0,1,13.5,34.0,20.0
M16280596,R14-B15-L07,14,15,7,0.20002621506842133,4,0.0,1,15.5,34.0,18.0
M2N4G9064,R20-B24-L05,20,24,5,0.20002621506842133,4,0.0,1,14.5,49.0,27.0
M2N4G9201,R20-B23-L03,20,23,3,0.20002621506842133,4,0.0,1,15.5,49.0,26.0
M16280364,R21-B23-L06,21,23,6,0.20002621506842133,4,0.0,1,16.5,50.0,26.0
M16280410,R17-B18-L07,17,18,7,0.20002621506842133,4,0.0,1,11.5,40.0,21.0
M16280197,R17-B18-L03,17,18,3,0.20002621506842133,4,0.0,1,11.5,40.0,21.0
M16280372,R17-B18-L02,17,18,2,0.20002621506842133,4,0.0,1,11.5,40.0,21.0
M2N4G7141,R18-B20-L01,18,20,1,0.20002621506842133,4,0.0,1,13.5,44.0,23.0
M2N4R0602,R12-B21-L07,12,21,7,0.20002621506842133,4,0.0,1,14.5,29.0,24.0
M16280441,R15-B20-L03,15,20,3,0.20002621506842133,4,0.0,1,9.5,35.0,23.0
M16280277,R14-B21-L05,14,21,5,0.20002621506842133,4,0.0,1,9.5,34.0,24.0
M16280710,R18-B20-L03,18,20,3,0.20002621506842133,4,0.0,1,13.5,44.0,23.0
M2N5G7321,R18-B20-L02,18,20,2,0.20002621506842133,4,0.0,1,13.5,44.0,23.0
M16280470,R18-B20-L07,18,20,7,0.20002621506842133,4,0.0,1,13.5,44.0,23.0
M16280226,R18-B20-L04,18,20,4,0.20002621506842133,4,0.0,1,13.5,44.0,23.0
M16280326,R18-B20-L05,18,20,5,0.20002621506842133,4,0.0,1,13.5,44.0,23.0
M16280206,R11-B24-L03,11,24,3,0.20002621506842133,4,0.0,1,15.5,25.0,27.0
M16280447,R11-B23-L06,11,23,6,0.20002621506842133,4,0.0,1,16.5,25.0,26.0
M2N4G7088,R15-B18-L04,15,18,4,0.20002621506842133,4,0.0,1,11.5,35.0,21.0
M2N5G9023,R12-B21-L02,12,21,2,0.20002621506842133,4,0.0,1,14.5,29.0,24.0
M2N3G9711,R15-B18-L07,15,18,7,0.20002621506842133,4,0.0,1,11.5,35.0,21.0
M16280367,R15-B18-L06,15,18,6,0.20002621506842133,4,0.0,1,11.5,35.0,21.0
M2N3G7336,R21-B23-L07,21,23,7,0.20002621506842133,4,0.0,1,16.5,50.0,26.0
M2N3G9710,R17-B18-L04,17,18,4,0.20002621506842133,4,0.0,1,11.5,40.0,21.0
M16280227,R21-B24-L03,21,24,3,0.20002621506842133,4,0.0,1,15.5,50.0,27.0
M2N3G7337,R14-B18-L03,14,18,3,0.20002621506842133,4,0.0,1,12.5,34.0,21.0
M16280401,R13-B19-L02,13,19,2,0.20002621506842133,4,0.0,1,15.5,30.0,22.0
M2N5G9024,R21-B23-L01,21,23,1,0.20002621506842133,4,0.0,1,16.5,50.0,26.0
M16280570,R15-B14-L05,15,14,5,0.2000174767122809,3,0.0,1,15.5,35.0,17.0
M2N3R7119,R15-B18-L01,15,18,1,0.2000174767122809,3,0.0,1,11.5,35.0,21.0
M2N3G8840,R15-B18-L02,15,18,2,0.2000174767122809,3,0.0,1,11.5,35.0,21.0
M16280187,R20-B23-L02,20,23,2,0.2000174767122809,3,0.0,1,15.5,49.0,26.0
M16280427,R20-B22-L04,20,22,4,0.20000873835614044,2,0.0,1,16.5,49.0,25.0
M2N3R7118,R15-B18-L03,15,18,3,0.20000873835614044,2,0.0,1,11.5,35.0,21.0
M16280387,R19-B20-L07,19,20,7,0.20000873835614044,2,0.0,1,14.5,45.0,23.0
M16280388,R16-B17-L06,16,17,6,0.20000873835614044,2,0.0,1,11.5,39.0,20.0
M16280265,R21-B23-L04,21,23,4,0.20000873835614044,2,0.0,1,16.5,50.0,26.0
M16280587,R20-B23-L06,20,23,6,0.20000873835614044,2,0.0,1,15.5,49.0,26.0
M16280512,R17-B14-L03,17,14,3,0.20000873835614044,2,0.0,1,15.5,40.0,17.0
FPSR05CV1103,R13-B21-L02,13,21,2,0.2,1,0.0,1,13.5,30.0,24.0
M16280600,R14-B18-L07,14,18,7,0.2,1,0.0,1,12.5,34.0,21.0
FPAT02CV1580,R14-B18-L05,14,18,5,0.2,1,0.0,1,12.5,34.0,21.0
FPSR04CV1029,R13-B20-L05,13,20,5,0.2,1,0.0,1,14.5,30.0,23.0
FPSR02CV4401,R16-B17-L02,16,17,2,0.2,1,0.0,1,11.5,39.0,20.0
FPAT02CV1587,R16-B19-L01,16,19,1,0.2,1,0.0,1,9.5,39.0,22.0
M2N3SG056,R13-B20-L06,13,20,6,0.19955312181676432,376,8.032947105680318,43,14.5,30.0,23.0
M2N4G7084,R16-B17-L03,16,17,3,0.1988340881498123,168,3.5662233129669145,27,11.5,39.0,20.0
M2N3G7939,R14-B15-L04,14,15,4,0.19850735532479946,76,1.6124515496597098,16,15.5,34.0,18.0
M2N3G7741,R16-B13-L04,16,13,4,0.19842063132417503,340,7.306692487168241,50,15.5,39.0,16.0
M2N3G1465,R21-B23-L05,21,23,5,0.19783634864854552,78,1.7320508075688774,12,16.5,50.0,26.0
M2N3G7938,R14-B15-L05,14,15,5,0.197609151388894,52,1.1547005383792515,12,15.5,34.0,18.0
M16280407,R20-B22-L07,20,22,7,0.19734664181651315,34,0.816496580927726,6,16.5,49.0,25.0
M2N3SG048,R13-B20-L02,13,20,2,0.19713240368926369,72,1.6865480854231356,10,14.5,30.0,23.0
M2N3G7940,R16-B17-L05,16,17,5,0.19658652860321954,72,1.65615734242165,15,11.5,39.0,20.0
M2N3B0211,R14-B18-L04,14,18,4,0.19622486101789932,68,2.309401076758503,3,12.5,34.0,21.0
M2N3G9210,R13-B20-L03,13,20,3,0.1953755651994126,48,1.2060453783110545,11,14.5,30.0,23.0
GCA0201A0-AD,R16-B17-L01,16,17,1,0.19453305451199907,1120,28.472208672083497,40,11.5,39.0,20.0
M2N3SG060,R19-B19-L04,19,19,4,0.19443823670545762,456,10.521567451787403,46,15.5,45.0,22.0
M2N3SG053,R14-B17-L06,14,17,6,0.1942808577471203,624,14.378555460923645,56,13.5,34.0,20.0
M16280255,R19-B19-L01,19,19,1,0.1940867452718884,26,0.8164965809277261,6,15.5,45.0,22.0
M2N3G1152,R14-B18-L01,14,18,1,0.1936031460861823,318,7.481308038703523,37,12.5,34.0,21.0
M2N3SG010,R13-B20-L01,13,20,1,0.1929017813564628,416,9.828822848261268,43,14.5,30.0,23.0
M2N4G7279,R14-B17-L04,14,17,4,0.19275925305804004,120,3.043543641010728,20,13.5,34.0,20.0
M2N4G1294,R14-B18-L02,14,18,2,0.19265489857185125,306,7.323153107000524,36,12.5,34.0,21.0
M2N4G7280,R19-B20-L06,19,20,6,0.19260503475436652,108,2.7699304359284986,19,14.5,45.0,23.0
M16280217,R17-B14-L04,17,14,4,0.19232196726990242,11,0.7071067811865476,2,15.5,40.0,17.0
M2N3G8341,R14-B18-L06,14,18,6,0.19168620672380077,276,6.391170379791906,51,12.5,34.0,21.0
M2N3G8195,R19-B20-L02,19,20,2,0.19149067789234903,11,0.408248290463863,6,14.5,45.0,23.0
M2N3R7030,R13-B20-L07,13,20,7,0.190783957299006,864,21.57611901071705,49,14.5,30.0,23.0
M2N3G7937,R16-B17-L04,16,17,4,0.19066879906224096,52,1.6180796699117812,11,11.5,39.0,20.0
M2N3G7708,R16-B17-L07,16,17,7,0.19063623156384113,40,1.3333333333333333,9,11.5,39.0,20.0
M2N3G7139,R14-B15-L03,14,15,3,0.19054884800243668,30,1.0,9,15.5,34.0,18.0
M2N3G7144,R11-B24-L02,11,24,2,0.19054884800243668,30,1.0,9,15.5,25.0,27.0
M2N3G7736,R11-B24-L04,11,24,4,0.19043938395578217,110,2.688710967483613,33,15.5,25.0,27.0
M16280562,R10-B23-L04,10,23,4,0.19032745469480694,18,1.4142135623730951,2,17.5,24.0,26.0
M2N3SG073,R10-B23-L02,10,23,2,0.19032170282651903,240,6.0969183849796975,30,17.5,24.0,26.0
M2N3SG136,R10-B23-L01,10,23,1,0.1890143191849769,344,8.632471728951511,39,17.5,24.0,26.0
M2N4G7937,R10-B23-L03,10,23,3,0.18821240173924975,18,0.8944271909999159,5,17.5,24.0,26.0
M2N3G8196,R14-B19-L06,14,19,6,0.18813375653398576,9,0.4472135954999579,5,11.5,34.0,22.0
M2N3G9211,R15-B14-L06,15,14,6,0.18808939032001176,36,1.4142135623730951,8,15.5,35.0,17.0
M2N3G8816,R18-B19-L05,18,19,5,0.18793209990948379,18,0.7071067811865476,8,14.5,44.0,22.0
M16280252,R11-B22-L07,11,22,7,0.18704369232793144,18,0.7867957924694432,7,17.5,25.0,25.0
M2N3SG065,R18-B19-L07,18,19,7,0.18686449551054385,264,7.0,33,14.5,44.0,22.0
M16280354,R14-B15-L01,14,15,1,0.18558764925489926,68,2.3157368940873577,14,15.5,34.0,18.0
M2N3R7115,R14-B17-L03,14,17,3,0.18555830987957297,876,22.40589651022923,58,13.5,34.0,20.0
M2N3SG021,R15-B17-L04,15,17,4,0.18554467970309124,240,6.62804907063599,30,12.5,35.0,20.0
M2N3SG134,R18-B19-L03,18,19,3,0.18554467970309124,240,6.62804907063599,30,14.5,44.0,22.0
M2N4R0417,R20-B23-L04,20,23,4,0.18552553848178718,48,2.2677868380553634,7,15.5,49.0,26.0
M2N3G7740,R12-B20-L04,12,20,4,0.18543463071667354,288,7.362553100703351,44,15.5,29.0,23.0
M2N4R7105,R15-B17-L03,15,17,3,0.185245911085293,16,0.7559289460184545,7,12.5,35.0,20.0
M2N4G7938,R12-B20-L01,12,20,1,0.18401118470347733,14,1.0,4,15.5,29.0,23.0
M16280419,R12-B20-L02,12,20,2,0.18368890830999282,44,2.0701966780270626,8,15.5,29.0,23.0
M2N3G8340,R21-B22-L04,21,22,4,0.18361137771082311,252,6.475457116363673,47,17.5,50.0,25.0
M2N4G9211,R18-B19-L04,18,19,4,0.1834966644749031,22,1.0350983390135313,8,14.5,44.0,22.0
M2N4G7939,R14-B15-L02,14,15,2,0.18334545355221737,64,2.3965787580611124,13,15.5,34.0,18.0
M2N3R7034,R21-B22-L05,21,22,5,0.18289419886645333,1824,55.422181315951306,45,17.5,50.0,25.0
M2N4G9210,R21-B22-L01,21,22,1,0.18266893864011574,34,1.337115846843043,12,17.5,50.0,25.0
M2N4G7940,R15-B17-L06,15,17,6,0.18251636465825044,59,2.2588855886396955,13,12.5,35.0,20.0
M2N3SG063,R21-B22-L03,21,22,3,0.18246631307057481,272,7.860066485805977,31,17.5,50.0,25.0
M16280457,R15-B17-L05,15,17,5,0.18206684587264485,54,2.9277002188455996,7,12.5,35.0,20.0
M16280242,R17-B17-L05,17,17,5,0.18183091025685288,27,1.4638501094227998,7,12.5,40.0,20.0
M2N3G7143,R14-B15-L06,14,15,6,0.18144041203787412,16,1.0954451150103321,5,15.5,34.0,18.0
M16280287,R17-B17-L01,17,17,1,0.1814404120378741,16,1.0954451150103324,5,12.5,40.0,20.0
M2N3R7124,R11-B23-L01,11,23,1,0.18139740827383535,300,8.41554046519422,37,16.5,25.0,26.0
M2N3G7140,R21-B22-L07,21,22,7,0.1813009534407639,18,1.0954451150103321,6,17.5,50.0,25.0
M16280384,R20-B22-L01,20,22,1,0.18116885936543553,5,0.7071067811865476,2,16.5,49.0,25.0
M2N3G7386,R16-B13-L07,16,13,7,0.18111101647376157,32,1.3751033019046572,11,15.5,39.0,16.0
M2N3R0436,R12-B20-L05,12,20,5,0.1810727148378906,60,2.486326242032244,12,15.5,29.0,23.0
M16280231,R20-B22-L06,20,22,6,0.18084233673141106,40,2.8284271247461903,5,16.5,49.0,25.0
M2N3SG602,R21-B22-L02,21,22,2,0.18010917243353755,64,4.131182235954578,6,17.5,50.0,25.0
M16280361,R14-B17-L01,14,17,1,0.17982954503704338,32,2.065591117977289,6,13.5,34.0,20.0
M16280300,R15-B17-L07,15,17,7,0.1797927760227261,60,2.696799449852968,11,12.5,35.0,20.0
M2N3G1004,R11-B22-L05,11,22,5,0.17949182440726397,64,2.660248687044705,13,17.5,25.0,25.0
M16280269,R17-B17-L04,17,17,4,0.17943131996250583,36,2.6832815729997477,5,12.5,40.0,20.0
M16280240,R17-B17-L02,17,17,2,0.17943131996250583,36,2.6832815729997477,5,12.5,40.0,20.0
M16280095,R15-B17-L01,15,17,1,0.17943131996250583,36,2.6832815729997477,5,12.5,35.0,20.0
M16280402,R11-B23-L03,11,23,3,0.17943131996250583,36,2.6832815729997477,5,16.5,25.0,26.0
M2N3G8815,R10-B24-L02,10,24,2,0.1792215994151352,12,0.8944271909999159,5,16.5,24.0,27.0
M2N4R7106,R17-B17-L03,17,17,3,0.1792215994151352,12,0.8944271909999159,5,12.5,40.0,20.0
M2N3G3005,R21-B22-L06,21,22,6,0.1790893263474505,506,14.435647578895358,42,17.5,50.0,25.0
M16280423,R15-B15-L02,15,15,2,0.17888705855878514,60,3.3380918415851215,8,14.5,35.0,18.0
M2N3SG068,R14-B16-L05,14,16,5,0.17841612559427966,208,6.729041536504289,26,14.5,34.0,19.0
M16280194,R18-B19-L02,18,19,2,0.17809042239067138,106,4.283967898150142,15,14.5,44.0,22.0
M2N3G9620,R15-B15-L05,15,15,5,0.17790418427364485,14,1.0954451150103321,5,14.5,35.0,18.0
M2N3G9619,R22-B24-L04,22,24,4,0.17790418427364485,14,1.0954451150103321,5,19.5,54.0,27.0
M2N3G1466,R22-B24-L03,22,24,3,0.17786332180379882,126,5.32049737408941,14,19.5,54.0,27.0
M2N4G7083,R12-B20-L07,12,20,7,0.177411136715889,104,3.8205354635273543,19,15.5,29.0,23.0
M16280406,R22-B24-L06,22,24,6,0.17696189443697866,24,2.309401076758503,4,19.5,54.0,27.0
M16280602,R12-B21-L03,12,21,3,0.1766604057216629,20,1.092906420717,9,14.5,29.0,24.0
M2N3SG071,R11-B23-L04,11,23,4,0.17664681026390489,152,5.715476066494082,19,16.5,25.0,26.0
M16280496,R18-B18-L03,18,18,3,0.17616982235572995,20,0.9816498172140428,11,15.5,44.0,21.0
M2N3G1373,R19-B19-L06,19,19,6,0.17602391851857555,366,11.084984297547601,37,15.5,45.0,22.0
M16280268,R11-B23-L02,11,23,2,0.17592785461336324,30,3.0,4,16.5,25.0,26.0
M16280303,R12-B20-L06,12,20,6,0.17592785461336324,30,3.0,4,15.5,29.0,23.0
M16280267,R15-B15-L01,15,15,1,0.17584047105195882,20,2.0,4,14.5,35.0,18.0
M2N3G9022,R09-B24-L05,9,24,5,0.1754215387695947,248,7.605614909477109,35,20.5,20.0,27.0
M16280183,R14-B17-L07,14,17,7,0.1751171562160441,48,2.9760952365713798,8,13.5,34.0,20.0
M16280382,R16-B14-L06,16,14,6,0.17449219219279216,13,1.140175425099138,5,14.5,39.0,17.0
M2N3SG064,R20-B21-L04,20,21,4,0.1742528683062335,192,6.846135056905561,24,17.5,49.0,24.0
M2N3SG039,R16-B16-L03,16,16,3,0.17392237690699477,160,6.053727698502721,21,12.5,39.0,19.0
M2N3SG129,R19-B19-L05,19,19,5,0.1732114322024295,184,6.789028582272216,23,15.5,45.0,22.0
M2N3SG141,R10-B22-L02,10,22,2,0.17316423031834433,100,6.112373606964083,9,18.5,24.0,25.0
M16280358,R10-B24-L06,10,24,6,0.17311665041268146,60,3.39934634239519,10,16.5,24.0,27.0
M16280003,R13-B19-L05,13,19,5,0.1730621088265298,180,11.224972160321824,9,15.5,30.0,22.0
M16280238,R16-B16-L01,16,16,1,0.17280211020408093,36,3.3466401061363023,5,12.5,39.0,19.0
M2N3R0414,R18-B18-L06,18,18,6,0.17278913192342885,280,9.314804957584967,31,15.5,44.0,21.0
M2N3G1110,R16-B16-L04,16,16,4,0.17222464980714705,48,6.928203230275509,3,12.5,39.0,19.0
M16280190,R14-B16-L01,14,16,1,0.17201492925977643,24,3.4641016151377544,3,14.5,34.0,19.0
M16280329,R09-B24-L04,9,24,4,0.17201492925977643,24,3.4641016151377544,3,20.5,20.0,27.0
M16280330,R16-B16-L07,16,16,7,0.17201492925977643,24,3.4641016151377544,3,12.5,39.0,19.0
M16280196,R13-B20-L04,13,20,4,0.17195887559864545,24,2.2803508501982757,5,14.5,30.0,23.0
M16280418,R10-B24-L07,10,24,7,0.17194502241065288,16,2.309401076758503,3,16.5,24.0,27.0
M16280370,R13-B19-L04,13,19,4,0.17194502241065288,16,2.309401076758503,3,15.5,30.0,22.0
M16280374,R19-B19-L07,19,19,7,0.17194502241065288,16,2.3094010767585034,3,15.5,45.0,22.0
M16280530,R11-B23-L07,11,23,7,0.1715765723019709,120,14.142135623730951,4,16.5,25.0,26.0
M2N3SG137,R09-B24-L07,9,24,7,0.17155050282272932,136,6.131883886702357,16,20.5,20.0,27.0
M2N3SG014,R09-B24-L01,9,24,1,0.17120455367781226,248,9.025434146813192,26,20.5,20.0,27.0
M2N3SG013,R19-B18-L03,19,18,3,0.17120455367781226,248,9.025434146813192,26,16.5,45.0,21.0
M16280299,R09-B24-L02,9,24,2,0.17114579865439652,96,5.116817192534651,12,20.5,20.0,27.0
M2N3SG011,R10-B22-L04,10,22,4,0.1710001805223607,480,14.606972183297824,45,18.5,24.0,25.0
M16280417,R20-B22-L05,20,22,5,0.17029681610033565,22,2.1908902300206643,5,16.5,49.0,25.0
M16280557,R13-B19-L03,13,19,3,0.1700761607318799,10,1.5275252316519468,3,15.5,30.0,22.0
M16280230,R19-B18-L06,19,18,6,0.1699657830962576,40,3.5023801430836525,6,16.5,45.0,21.0
M2N3R0625,R16-B14-L07,16,14,7,0.1689210274861012,128,5.676462121975467,18,14.5,39.0,17.0
M2N3SG069,R14-B17-L05,14,17,5,0.16874859744089027,272,9.803110997110808,29,13.5,34.0,20.0
M16280345,R20-B22-L03,20,22,3,0.16868768005672494,32,2.5727509827123995,7,16.5,49.0,25.0
M2N3SG135,R16-B16-L06,16,16,6,0.16862234623880343,120,5.916079783099616,15,12.5,39.0,19.0
M2N3R0416,R19-B19-L02,19,19,2,0.16845956246038513,308,10.877914885586504,31,15.5,45.0,22.0
M2N3SG130,R13-B19-L07,13,19,7,0.16832797024849278,160,6.813299687492027,20,15.5,30.0,22.0
M2N3SG031,R13-B19-L06,13,19,6,0.1680180287186065,48,4.427188724235731,6,15.5,30.0,22.0
M2N3B0209,R16-B16-L02,16,16,2,0.16787225335647077,36,8.48528137423857,2,12.5,39.0,19.0
M16280191,R09-B24-L03,9,24,3,0.16784970072862426,56,4.618802153517006,7,20.5,20.0,27.0
M16280297,R11-B23-L05,11,23,5,0.1677149629459428,18,4.242640687119285,2,16.5,25.0,26.0
M16280543,R18-B18-L01,18,18,1,0.1677149629459428,18,4.242640687119285,2,15.5,44.0,21.0
M16280057,R13-B19-L01,13,19,1,0.1677149629459428,18,4.242640687119285,2,15.5,30.0,22.0
M16280219,R19-B19-L03,19,19,3,0.1677149629459428,18,4.242640687119285,2,15.5,45.0,22.0
M16280237,R18-B18-L02,18,18,2,0.16766253280910012,12,2.8284271247461903,2,15.5,44.0,21.0
M16280576,R20-B21-L01,20,21,1,0.16766253280910012,12,2.8284271247461903,2,17.5,49.0,24.0
M16280248,R10-B24-L01,10,24,1,0.16766253280910012,12,2.8284271247461903,2,16.5,24.0,27.0
M16280289,R20-B21-L07,20,21,7,0.16766253280910012,12,2.8284271247461903,2,17.5,49.0,24.0
M16280556,R10-B24-L04,10,24,4,0.16761010267225745,6,1.4142135623730951,2,16.5,24.0,27.0
M16280253,R17-B14-L05,17,14,5,0.16761010267225745,6,1.4142135623730951,2,15.5,40.0,17.0
M16280497,R20-B22-L02,20,22,2,0.16758388760383613,3,0.7071067811865476,2,16.5,49.0,25.0
M16280565,R18-B18-L07,18,18,7,0.16758388760383613,3,0.7071067811865476,2,15.5,44.0,21.0
M16280564,R11-B21-L07,11,21,7,0.16758388760383613,3,0.7071067811865476,2,18.5,25.0,24.0
M16280566,R17-B16-L06,17,16,6,0.16758388760383613,3,0.7071067811865476,2,13.5,40.0,19.0
M2N3SG133,R11-B22-L04,11,22,4,0.1675354682154507,88,5.0512524699475785,12,17.5,25.0,25.0
M16280274,R20-B21-L03,20,21,3,0.1674766385610639,14,2.309401076758503,3,17.5,49.0,24.0
M16280433,R15-B16-L07,15,16,7,0.16691263516127325,36,3.023715784073818,7,13.5,35.0,19.0
M2N3G1452,R10-B23-L05,10,23,5,0.1668522143571519,90,5.546497666423052,11,17.5,24.0,26.0
M16280464,R15-B16-L05,15,16,5,0.16649874814264692,41,3.9200340134578764,6,13.5,35.0,19.0
M2N3G3003,R10-B23-L06,10,23,6,0.16604673660158542,300,13.157290211676784,21,17.5,24.0,26.0
M16280327,R11-B22-L01,11,22,1,0.16598880825703627,32,3.5777087639996634,5,17.5,25.0,25.0
M16280257,R20-B21-L05,20,21,5,0.16598880825703627,32,3.5777087639996634,5,17.5,49.0,24.0
M16280103,R15-B16-L06,15,16,6,0.16571325519368946,84,6.082762530298219,9,13.5,35.0,19.0
M16280529,R15-B16-L01,15,16,1,0.16569308824846943,70,9.574271077563381,4,13.5,35.0,19.0
M2N3SG022,R22-B23-L01,22,23,1,0.16541844680229806,144,6.790997501017324,18,20.5,54.0,26.0
M2N3R7240,R17-B16-L04,17,16,4,0.16522240403353777,528,20.83038074315402,28,13.5,40.0,19.0
M16280569,R11-B22-L03,11,22,3,0.16512805396911778,29,2.8577380332470415,6,17.5,25.0,25.0
M2N3R0430,R15-B15-L07,15,15,7,0.16472663929172462,100,4.47213595499958,20,14.5,35.0,18.0
M16280519,R10-B23-L07,10,23,7,0.16453062155499182,60,6.0332412515993425,6,17.5,24.0,26.0
M16280390,R20-B21-L06,20,21,6,0.16428612841433884,9,1.2583057392117916,4,17.5,49.0,24.0
M16280339,R21-B21-L02,21,21,2,0.164162177684577,36,3.63318042491699,6,18.5,50.0,24.0
M16280493,R22-B23-L03,22,23,3,0.16409865440670612,29,2.9268868558020253,6,20.5,54.0,26.0
M2N3SG018,R18-B18-L05,18,18,5,0.16354375010009545,120,6.48074069840786,15,15.5,44.0,21.0
M2N3SG050,R11-B21-L03,11,21,3,0.1634756355140112,96,5.9696200579570915,12,18.5,25.0,24.0
M2N3G7142,R15-B16-L02,15,16,2,0.16338899711535587,102,4.068641807021866,26,13.5,35.0,19.0
M16280538,R20-B21-L02,20,21,2,0.16332434833494627,48,6.928203230275509,4,17.5,49.0,24.0
M16280525,R10-B22-L01,10,22,1,0.1628910296390117,30,4.358898943540674,4,18.5,24.0,25.0
M2N3G9088,R22-B23-L05,22,23,5,0.16285606035316666,100,4.735704866732651,19,20.5,54.0,26.0
M2N3SG017,R17-B16-L03,17,16,3,0.16265533144252464,152,7.50076248847387,18,13.5,40.0,19.0
M16280471,R12-B19-L04,12,19,4,0.16245753454451972,36,4.381780460041329,5,16.5,29.0,22.0
M16280445,R11-B21-L04,11,21,4,0.16245753454451972,36,4.381780460041329,5,18.5,25.0,24.0
M16280101,R15-B16-L03,15,16,3,0.16216502288944495,48,9.16515138991168,3,13.5,35.0,19.0
GCA0407A0-AD,R15-B16-L04,15,16,4,0.16201001485975172,280,16.603984693208666,14,13.5,35.0,19.0
M16280466,R22-B23-L04,22,23,4,0.1615770491358815,18,3.4641016151377544,3,20.5,54.0,26.0
M2N3G7737,R11-B22-L06,11,22,6,0.16062793187064067,122,4.719244046223515,30,17.5,25.0,25.0
ACL00213A0010-P,R17-B16-L01,17,16,1,0.16057930912630475,2140,164.47017833163423,14,13.5,40.0,19.0
M16280474,R17-B16-L05,17,16,5,0.16020775842637114,28,3.5777087639996634,5,13.5,40.0,19.0
M16280421,R11-B22-L02,11,22,2,0.16020775842637114,28,3.5777087639996634,5,17.5,25.0,25.0
M16280568,R21-B21-L05,21,21,5,0.1599544777822005,22,3.415650255319866,4,18.5,50.0,24.0
M2N3SG016,R11-B21-L06,11,21,6,0.1598836361546958,124,6.836178269569434,16,18.5,25.0,24.0
M2N3SG140,R15-B14-L03,15,14,3,0.15973056496469576,61,6.019808571549035,7,15.5,35.0,17.0
M16280188,R17-B16-L07,17,16,7,0.15971932732663133,46,5.125101625008686,6,13.5,40.0,19.0
M16280256,R20-B20-L04,20,20,4,0.15969326499479009,40,3.2446537223219645,9,18.5,49.0,23.0
M16280439,R10-B22-L06,10,22,6,0.159681471619122,32,3.559026084010437,6,18.5,24.0,25.0
M16280279,R10-B22-L07,10,22,7,0.15938061552348903,54,8.54400374531753,4,18.5,24.0,25.0
M2N3G1391,R11-B21-L01,11,21,1,0.15930990921082927,234,10.92635718733748,22,18.5,25.0,24.0
M2N3SG052,R18-B18-L04,18,18,4,0.15929997735292062,88,6.260990336999411,11,15.5,44.0,21.0
M16280416,R22-B23-L06,22,23,6,0.15911471248922085,20,3.1622776601683795,4,20.5,54.0,26.0
GCA0201A0-SD,R20-B20-L07,20,20,7,0.15902666828545986,1600,61.3298994140464,42,18.5,49.0,23.0
M2N3SG139,R21-B21-L04,21,21,4,0.15887349895899336,120,7.0,15,18.5,50.0,24.0
M2N3SG057,R10-B22-L03,10,22,3,0.15879670451865327,144,7.795171959767977,17,18.5,24.0,25.0
GCA0201A0-BD,R21-B21-L07,21,21,7,0.15830354577982034,240,16.711454971746992,12,18.5,50.0,24.0
M2N3SG062,R21-B21-L03,21,21,3,0.15772487501596608,152,8.370114905388801,17,18.5,50.0,24.0
ACL000213B0050,R17-B16-L02,17,16,2,0.15757072887630824,836,50.22603320753795,17,13.5,40.0,19.0
M2N3SG058,R15-B14-L07,15,14,7,0.15753711290461986,136,8.119347850893538,15,15.5,35.0,17.0
M16280088,R11-B21-L02,11,21,2,0.15700266979140048,60,10.0,4,18.5,25.0,24.0
ACL000213B0030,R22-B24-L05,22,24,5,0.15670073231863307,834,55.15018456127647,15,19.5,54.0,27.0
M16280258,R23-B23-L01,23,23,1,0.15668808897034456,24,4.0,4,21.5,55.0,26.0
M16280322,R22-B24-L01,22,24,1,0.15668808897034456,24,4.0,4,19.5,54.0,27.0
ACL000213A0005,R23-B24-L07,23,24,7,0.15636819739988794,1980,177.1747981257749,12,20.5,55.0,27.0
M16280283,R23-B24-L03,23,24,3,0.15569894699232875,24,4.08248290463863,4,20.5,55.0,27.0
M16280381,R16-B13-L06,16,13,6,0.15539287405970148,40,2.839120649181021,12,15.5,39.0,16.0
M16280559,R14-B16-L04,14,16,4,0.15503814613690903,17,3.7859388972001824,3,14.5,34.0,19.0
M16280420,R22-B23-L07,22,23,7,0.15494338074800104,26,3.7013511046643495,5,20.5,54.0,26.0
M2N3SG146,R21-B21-L01,21,21,1,0.15465617076871155,93,6.730189785247854,12,18.5,50.0,24.0
GCA0304A0-AD,R22-B23-L02,22,23,2,0.15442958707627547,200,16.865480854231357,10,20.5,54.0,26.0
M2N3SG024,R20-B20-L01,20,20,1,0.15289555208875671,104,7.74987780939842,12,18.5,49.0,23.0
M16280356,R14-B16-L02,14,16,2,0.15281546548110672,64,7.197883286739498,7,14.5,34.0,19.0
M16280208,R19-B18-L05,19,18,5,0.15280608970940948,50,11.718930554164631,3,16.5,45.0,21.0
M2N3R7023,R19-B18-L07,19,18,7,0.15267538769294525,156,10.041343108796324,15,16.5,45.0,21.0
M2N3SG131,R16-B15-L04,16,15,4,0.15265836255227025,64,6.48074069840786,8,13.5,39.0,18.0
FCL0002130005,R16-B15-L06,16,15,6,0.15258406891403728,192,14.547727095198193,12,13.5,39.0,18.0
M16280492,R19-B18-L01,19,18,1,0.1524013200099589,23,3.4351128074635335,5,16.5,45.0,21.0
M16280351,R09-B23-L02,9,23,2,0.1521411541483721,40,4.535573676110727,7,21.5,20.0,26.0
M2N3R2747,R13-B18-L02,13,18,2,0.15185890978889507,732,31.972518441371975,32,16.5,30.0,21.0
M2N3SG036,R19-B18-L02,19,18,2,0.15152470053304548,48,6.260990336999411,6,16.5,45.0,21.0
M2N3SG051,R14-B16-L06,14,16,6,0.15152470053304548,48,6.260990336999411,6,14.5,34.0,19.0
M2N3SG049,R13-B18-L04,13,18,4,0.15152470053304548,48,6.260990336999411,6,16.5,30.0,21.0
M16280328,R14-B16-L03,14,16,3,0.15134100931142164,68,10.430723848324238,5,14.5,34.0,19.0
M16280645,R23-B24-L02,23,24,2,0.1509478379693844,40,14.142135623730951,2,20.5,55.0,27.0
M16280193,R09-B24-L06,9,24,6,0.15080802427113732,24,8.48528137423857,2,20.5,20.0,27.0
M16280296,R16-B15-L03,16,15,3,0.15073811742201376,16,5.656854249492381,2,13.5,39.0,18.0
M16280341,R20-B20-L05,20,20,5,0.15073811742201376,16,5.656854249492381,2,18.5,49.0,23.0
M2N4G1472,R13-B18-L06,13,18,6,0.15073811742201376,16,5.656854249492381,2,16.5,30.0,21.0
M2N3R7032,R14-B16-L07,14,16,7,0.1507195795681633,336,17.701713175584143,22,14.5,34.0,19.0
M2N3G9021,R16-B15-L02,16,15,2,0.1506365438256023,132,7.221313483089667,20,13.5,39.0,18.0
M2N3SG154,R22-B24-L02,22,24,2,0.15040353556338562,62,6.519202405202649,8,19.5,54.0,27.0
GCA0407A0-SD,R16-B15-L07,16,15,7,0.15024906483383926,160,17.10471948239516,8,13.5,39.0,18.0
M16280498,R20-B20-L03,20,20,3,0.15022244369148,23,4.349329450233296,4,18.5,49.0,23.0
M16280531,R21-B21-L06,21,21,6,0.14989633164466198,20,4.932882862316247,3,18.5,50.0,24.0
M2N3G1070,R20-B20-L02,20,20,2,0.14976777853432696,78,9.26334301478272,7,18.5,49.0,23.0
M16280215,R23-B23-L03,23,23,3,0.14965669482664737,28,5.354126134736337,4,21.5,55.0,26.0
M2N3R0429,R23-B23-L04,23,23,4,0.14911450908531948,76,5.3452248382484875,14,21.5,55.0,26.0
M2N3SG037,R12-B19-L06,12,19,6,0.1476926391116721,80,7.378647873726218,10,16.5,29.0,22.0
M16280278,R16-B15-L05,16,15,5,0.14700732596077526,66,13.30413469565007,4,13.5,39.0,18.0
M16280192,R09-B23-L07,9,23,7,0.14681675638218064,25,4.123105625617661,5,21.5,20.0,26.0
M16280494,R20-B20-L06,20,20,6,0.14627956260826688,97,8.506681865665152,11,18.5,49.0,23.0
FBC050-1,R22-B24-L07,22,24,7,0.1449449961611212,700,111.21270910586912,6,19.5,54.0,27.0
M2N3SG045,R13-B18-L01,13,18,1,0.14479302895764076,80,8.37323779138698,9,16.5,30.0,21.0
M16280213,R16-B15-L01,16,15,1,0.14356774658928964,20,4.242640687119285,4,13.5,39.0,18.0
M16280395,R13-B18-L05,13,18,5,0.14314013973360393,42,9.0,4,16.5,30.0,21.0
M16280560,R15-B14-L02,15,14,2,0.14240646802341697,32,9.018499505645789,3,15.5,35.0,17.0
M16280294,R23-B24-L06,23,24,6,0.14096343957230498,36,10.392304845413264,3,20.5,55.0,27.0
M16280477,R23-B23-L02,23,23,2,0.14085857929861967,24,6.928203230275509,3,21.5,55.0,26.0
M16280275,R10-B21-L05,10,21,5,0.14075371902493436,12,3.4641016151377544,3,19.5,24.0,24.0
M2N3R7029,R16-B13-L01,16,13,1,0.14021720668232812,204,13.672643360761965,18,15.5,39.0,16.0
M2N3G7141,R10-B21-L03,10,21,3,0.14017910521578314,72,4.956427793339497,17,19.5,24.0,24.0
M16280021,R16-B13-L02,16,13,2,0.1398199919054917,36,10.583005244258363,3,15.5,39.0,16.0
M2N3SG072,R15-B14-L01,15,14,1,0.1388689246946705,48,7.6681158050723255,6,15.5,35.0,17.0
M16280266,R10-B21-L01,10,21,1,0.13874309126096393,84,8.796463936024395,10,19.5,24.0,24.0
GCA0304A0-SD,R18-B17-L05,18,17,5,0.13867889576251505,80,18.475208614068023,4,16.5,44.0,20.0
GCA0407A0-BD,R17-B14-L07,17,14,7,0.13867889576251505,80,18.475208614068023,4,15.5,40.0,17.0
M2N3R7033,R22-B22-L05,22,22,5,0.13817875493055848,59,26.16295090390226,2,21.5,54.0,25.0
FCL0002130003,R17-B14-L02,17,14,2,0.13816406691256675,454,40.58419548391865,13,15.5,40.0,17.0
M2N4G7142,R18-B17-L03,18,17,3,0.13788751166915364,88,10.158466638447184,9,16.5,44.0,20.0
M2N3R7121,R11-B20-L04,11,20,4,0.13725176019954777,108,10.009086780611815,12,19.5,25.0,23.0
M16280495,R17-B15-L02,17,15,2,0.13694013716739983,100,7.487767802667673,16,14.5,40.0,18.0
M2N3R7350,R08-B24-L07,8,24,7,0.13684998495929215,470,36.549281798689286,16,21.5,19.0,27.0
M16280499,R17-B15-L07,17,15,7,0.13650095449200617,29,8.962886439832502,3,14.5,40.0,18.0
M2N3SG009,R11-B20-L03,11,20,3,0.13635921235435616,120,10.584216599524078,13,19.5,25.0,23.0
M2N3R7284,R12-B18-L01,12,18,1,0.1362402571965409,801,47.376576490920066,25,17.5,29.0,21.0
M2N3R0032,R16-B13-L03,16,13,3,0.1361328466482276,60,9.979979959899719,6,15.5,39.0,16.0
M16280198,R17-B14-L01,17,14,1,0.13610898268532529,20,4.760952285695233,4,15.5,40.0,17.0
M16280097,R11-B20-L06,11,20,6,0.13566440987184042,348,29.94316961501248,14,19.5,25.0,23.0
M2N3R7125,R17-B15-L01,17,15,1,0.13542009448876965,24,5.773502691896258,4,14.5,40.0,18.0
M16280270,R21-B20-L02,21,20,2,0.13532603018634737,48,9.476286192385707,5,19.5,50.0,23.0
M2N3SG148,R17-B14-L06,17,14,6,0.13521750936745267,50,7.358183005529092,7,15.5,40.0,17.0
M2N3SG008,R21-B20-L04,21,20,4,0.1340159313385386,56,9.584710046040342,6,19.5,50.0,23.0
M16280216,R23-B24-L04,23,24,4,0.13387044842463855,16,5.131601439446884,3,20.5,55.0,27.0
M16280212,R21-B20-L01,21,20,1,0.13387044842463855,16,5.131601439446884,3,19.5,50.0,23.0
M16280583,R18-B17-L04,18,17,4,0.13384865545948918,24,11.313708498984761,2,16.5,44.0,20.0
M2N3R7113,R19-B18-L04,19,18,4,0.1328020183554141,48,8.342661445845684,6,16.5,45.0,21.0
M2N3R7024,R21-B20-L06,21,20,6,0.1328020183554141,48,8.342661445845684,6,19.5,50.0,23.0
M2N3R7116,R10-B21-L04,10,21,4,0.1328020183554141,48,8.342661445845684,6,19.5,24.0,24.0
M2N3G9089,R08-B24-L02,8,24,2,0.13095563194843865,52,6.534098594637553,9,21.5,19.0,27.0
M16280276,R11-B20-L05,11,20,5,0.13002542403887457,138,17.698870020427858,9,19.5,25.0,23.0
M16280199,R23-B24-L01,23,24,1,0.12924525399267744,66,22.715633383201094,3,20.5,55.0,27.0
M2N3SG070,R15-B14-L04,15,14,4,0.12819767426445855,104,13.584100182852664,9,15.5,35.0,17.0
M2N3R7128,R21-B20-L03,21,20,3,0.12670177866872173,36,9.763879010584539,4,19.5,50.0,23.0
M2N3SG007,R16-B13-L05,16,13,5,0.12641533005341699,40,10.893423092245461,4,15.5,39.0,16.0
M2N3R7114,R21-B20-L05,21,20,5,0.12417223772591425,98,12.263767773404712,10,19.5,50.0,23.0
M16280373,R22-B22-L01,22,22,1,0.1241234025753907,48,13.466006584482772,4,21.5,54.0,25.0
M16280224,R17-B15-L04,17,15,4,0.12375510686864731,36,10.132456102380443,4,14.5,40.0,18.0
M2N3R0044,R08-B24-L01,8,24,1,0.12264726985874244,36,19.79898987322333,2,21.5,19.0,27.0
M16280280,R08-B24-L03,8,24,3,0.12199176593890027,52,12.198360545581526,5,21.5,19.0,27.0
ACL00213A0010-B,R22-B22-L02,22,22,2,0.12148334205150071,2140,328.8684302946156,10,21.5,54.0,25.0
GCA0102A0-AD,R18-B17-L07,18,17,7,0.1204209741084178,40,22.627416997969522,2,16.5,44.0,20.0
GCA0304A0-BD,R17-B15-L03,17,15,3,0.1204209741084178,40,22.627416997969522,2,14.5,40.0,18.0
M2N3R7031,R22-B22-L07,22,22,7,0.11914855051556421,118,17.08394307854926,9,21.5,54.0,25.0
M16280186,R17-B15-L06,17,15,6,0.1185577800802303,44,10.73312629199899,5,14.5,40.0,18.0
M16280527,R23-B23-L06,23,23,6,0.11831744881907426,11,6.363961030678928,2,21.5,55.0,26.0
M2N3SG001,R08-B24-L04,8,24,4,0.11781429767449217,225,20.798938274184415,16,21.5,19.0,27.0
M2N3SG023,R15-B15-L06,15,15,6,0.11770812533497732,112,16.455326729596642,9,14.5,35.0,18.0
M16280442,R15-B15-L04,15,15,4,0.11678442637415576,12,7.0710678118654755,2,14.5,35.0,18.0
M16280455,R23-B24-L05,23,24,5,0.11678442637415576,12,7.0710678118654755,2,20.5,55.0,27.0
M2N3R7122,R22-B22-L03,22,22,3,0.11678442637415576,12,7.0710678118654755,2,21.5,54.0,25.0
M2N3R7501,R21-B20-L07,21,20,7,0.11678442637415576,12,7.0710678118654755,2,19.5,50.0,23.0
M16280467,R15-B15-L03,15,15,3,0.11678442637415576,12,7.0710678118654755,2,14.5,35.0,18.0
M2N3R7120,R11-B20-L02,11,20,2,0.11678442637415576,12,7.0710678118654755,2,19.5,25.0,23.0
M2N3G1392,R18-B17-L06,18,17,6,0.11604479852378884,1044,39.75224834015572,73,16.5,44.0,20.0
M16280386,R17-B15-L05,17,15,5,0.1149860816435542,25,10.214368964029708,3,14.5,40.0,18.0
FBX050-1,R18-B17-L02,18,17,2,0.11483990270465105,100,60.81118318204309,2,16.5,44.0,20.0
M16280281,R18-B17-L01,18,17,1,0.11440814978371959,224,26.948885398888468,12,16.5,44.0,20.0
ACL000110A0010,R08-B24-L06,8,24,6,0.11400481125195758,1060,482.320778459039,3,21.5,19.0,27.0
M16280399,R16-B12-L01,16,12,1,0.1127081093790228,72,18.782971010998235,5,16.5,39.0,15.0
M2N3SG143,R08-B23-L02,8,23,2,0.11257953759580551,16,9.899494936611665,2,22.5,19.0,26.0
M16280225,R08-B23-L05,8,23,5,0.11249838883165217,48,12.521980673998822,5,22.5,19.0,26.0
M2N3R0045,R08-B23-L04,8,23,4,0.1111837676166289,368,36.53673950058124,16,22.5,19.0,26.0
M16280605,R08-B23-L01,8,23,1,0.10942551080595239,794,64.55113077900715,22,22.5,19.0,26.0
ACL00213A0050-R,R12-B18-L03,12,18,3,0.10202327727460242,140,66.2595905007972,3,17.5,29.0,21.0
M2N3R2754,R08-B24-L05,8,24,5,0.10192689765494847,252,26.824118500583264,16,21.5,19.0,27.0
M2N3R2800,R16-B14-L01,16,14,1,0.10144404492660183,84,30.276503540974918,4,14.5,39.0,17.0
M2N3R2741,R14-B14-L03,14,14,3,0.1004157798544057,480,62.39586196009788,13,16.5,34.0,17.0
M16280234,R16-B14-L05,16,14,5,0.09927293581875457,112,54.30776494511014,3,14.5,39.0,17.0
